-- phpMyAdmin SQL Dump
-- version 4.9.6
-- https://www.phpmyadmin.net/
--
-- Hôte : 9x7xl.myd.infomaniak.com
-- Généré le :  sam. 29 mars 2025 à 17:54
-- Version du serveur :  10.4.21-MariaDB-1:10.4.21+maria~stretch-log
-- Version de PHP :  7.4.33
--
-- Base de données :  9x7xl_testbackup
--
-- --------------------------------------------------------
--
-- Structure de la table combine
--
CREATE TABLE combine (
  id INTEGER NOT NULL,
  refUser INTEGER DEFAULT NULL,
  nbEcuParier INTEGER DEFAULT NULL,
  nbEcuGagner INTEGER DEFAULT NULL,
  cloture INTEGER DEFAULT NULL
) ;
--
-- Déchargement des données de la table combine
--
INSERT INTO combine (id, refUser, nbEcuParier, nbEcuGagner, cloture) VALUES
(51, 1, 44, NULL, NULL);
-- --------------------------------------------------------
--
-- Structure de la table historique
--
CREATE TABLE historique (
  id INTEGER NOT NULL,
  ref_users INTEGER DEFAULT NULL,
  description varchar(100) DEFAULT NULL,
  date date DEFAULT NULL
);
--
-- Déchargement des données de la table historique
--
INSERT INTO historique (id, ref_users, description, date) VALUES
(1, 1, '-20 Ecus Paris', '2023-11-16'),
(2, 12, '-220 Ecus Paris', '2023-11-16'),
(3, 11, '+25 Ecus  journalier', '2023-11-16'),
(4, 11, '-50 Ecus Paris', '2023-11-16'),
(5, 5, '-100 Ecus Paris', '2023-11-16'),
(6, 5, '-100 Ecus Paris', '2023-11-16'),
(7, 6, '-60 Ecus Paris', '2023-11-16'),
(8, 6, '-60 Ecus Paris', '2023-11-16'),
(9, 6, '-9 Ecus Paris combine', '2023-11-16'),
(10, 4, '+40 Ecus  journalier', '2023-11-16'),
(11, 6, '+14.4 Ecus Paris Combine', '2023-11-16'),
(12, 27, '+25 Ecus  journalier', '2023-11-16'),
(17, 1, '-25 transferé à romgui', '2023-11-16'),
(18, 1, '+25 transfert de romgui', '2023-11-16'),
(23, 23, '+25 Ecus  journalier', '2023-11-16'),
(24, 6, '-1 transferé à 6d0', '2023-11-16'),
(25, 6, '+1 transfert de 6d0', '2023-11-16'),
(26, 6, '-1 transferé à 6d0', '2023-11-16'),
(27, 6, '+1 transfert de 6d0', '2023-11-16'),
(28, 18, '+25 Ecus  journalier', '2023-11-17'),
(29, 18, '-2 transferé à robiniteurFou', '2023-11-16'),
(30, 12, '+2 transfert de po', '2023-11-16'),
(31, 1, '+25 Ecus  journalier', '2023-11-17'),
(32, 12, '+25 Ecus  journalier', '2023-11-17'),
(33, 1, '-2 transferé à 6d0', '2023-11-17'),
(34, 6, '+2 transfert de romgui perte t', '2023-11-17'),
(43, 4, '+25 Ecus  journalier', '2023-11-17'),
(44, 11, '+25 Ecus  journalier', '2023-11-17'),
(45, 9, '+25 Ecus  journalier', '2023-11-17'),
(46, 6, '+25 Ecus  journalier', '2023-11-17'),
(49, 23, '+25 Ecus  journalier', '2023-11-17'),
(50, 1, '-50 transferé à robiniteurFou', '2023-11-17'),
(51, 12, '+50 transfert de romgui', '2023-11-17'),
(52, 7, '+25 Ecus  journalier', '2023-11-17'),
(53, 27, '+25 Ecus  journalier', '2023-11-17'),
(54, 1, '+25 Ecus  journalier', '2023-11-18'),
(55, 4, '+25 Ecus  journalier', '2023-11-18'),
(56, 6, '+25 Ecus  journalier', '2023-11-19'),
(57, 5, '+25 Ecus  journalier', '2023-11-19'),
(58, 23, '+25 Ecus  journalier', '2023-11-19'),
(59, 4, '+25 Ecus  journalier', '2023-11-19'),
(60, 4, '+25 Ecus  journalier', '2023-11-20'),
(61, 1, '+25 Ecus  journalier', '2023-11-20'),
(62, 4, '-20 Ecus Paris', '2023-11-20'),
(63, 23, '+25 Ecus  journalier', '2023-11-20'),
(64, 23, '-25 Ecus Paris', '2023-11-20'),
(65, 4, '+36 Ecus  Paris', '2023-11-20'),
(66, 4, '+17 Ecus beug trouvé', NULL),
(67, 9, '+25 Ecus  journalier', '2023-11-20'),
(68, 7, '+25 Ecus  journalier', '2023-11-20'),
(69, 7, '-25 Ecus Paris', '2023-11-20'),
(70, 9, '-20 Ecus Paris', '2023-11-20'),
(71, 12, '+25 Ecus  journalier', '2023-11-20'),
(72, 12, '-20 Ecus Paris', '2023-11-20'),
(73, 4, '-30 Ecus Paris', '2023-11-20'),
(74, 27, '+25 Ecus  journalier', '2023-11-20'),
(75, 18, '+25 Ecus  journalier', '2023-11-20'),
(76, 6, '+25 Ecus  journalier', '2023-11-20'),
(77, 23, '+45 Ecus Paris', '2023-11-20'),
(78, 9, '+36 Ecus Paris', '2023-11-20'),
(79, 12, '+36 Ecus Paris', '2023-11-20'),
(80, 4, '+54 Ecus Paris', '2023-11-20'),
(81, 1, '-10 transferé à Solth', '2023-11-20'),
(82, 4, '+10 transfert de romgui', '2023-11-20'),
(83, 4, '-10 transferé à romgui', '2023-11-20'),
(84, 1, '+10 transfert de Solth', '2023-11-20'),
(85, 1, '-15 transferé à Siete \"beug af', '2023-11-20'),
(86, 9, '+15 transfert de romgui \"beug ', '2023-11-20'),
(87, 1, '+25 Ecus  journalier', '2023-11-21'),
(88, 7, '+25 Ecus  journalier', '2023-11-21'),
(89, 7, '-20 Ecus Paris', '2023-11-21'),
(90, 11, '+25 Ecus  journalier', '2023-11-21'),
(91, 4, '+25 Ecus  journalier', '2023-11-21'),
(92, 7, '-25 Ecus Paris', '2023-11-21'),
(93, 7, '-25 Ecus Paris', '2023-11-21'),
(94, 23, '+25 Ecus  journalier', '2023-11-21'),
(95, 12, '+25 Ecus  journalier', '2023-11-21'),
(96, 23, '-20 Ecus Paris', '2023-11-21'),
(97, 23, '-20 Ecus Paris', '2023-11-21'),
(98, 27, '+25 Ecus  journalier', '2023-11-21'),
(99, 27, '-24 Ecus Paris', '2023-11-21'),
(100, 18, '+25 Ecus  journalier', '2023-11-21'),
(101, 15, '+25 Ecus  journalier', '2023-11-21'),
(102, 18, '-30 Ecus Paris', '2023-11-21'),
(103, 15, '-75 Ecus Paris', '2023-11-21'),
(104, 6, '+25 Ecus  journalier', '2023-11-21'),
(105, 6, '-20 Ecus Paris', '2023-11-21'),
(106, 6, '-30 Ecus Paris', '2023-11-21'),
(107, 4, '-40 Ecus Paris', '2023-11-21'),
(108, 6, '-60 Ecus Paris', '2023-11-21'),
(109, 18, '+54 Ecus Paris', '2023-11-21'),
(110, 11, '-25 Ecus Paris', '2023-11-21'),
(111, 5, '+25 Ecus  journalier', '2023-11-21'),
(112, 12, '-143 Ecus Paris', '2023-11-21'),
(113, 5, '-55 Ecus Paris', '2023-11-21'),
(114, 27, '+10 Ecus paris textuelle', '2023-11-21'),
(115, 23, '+10 Ecus paris textuelle', '2023-11-21'),
(116, 15, '+10 Ecus paris textuelle', '2023-11-21'),
(117, 9, '+10 Ecus paris textuelle', '2023-11-21'),
(118, 18, '+10 Ecus paris textuelle', '2023-11-21'),
(119, 5, '+10 Ecus paris textuelle', '2023-11-21'),
(120, 18, '-50 Ecus Paris', '2023-11-21'),
(121, 5, '-10 Ecus Paris combine', '2023-11-21'),
(122, 1, '+10 Ecus paris textuelle', '2023-11-21'),
(123, 5, '+10 Ecus paris textuelle', '2023-11-21'),
(124, 9, '+25 Ecus  journalier', '2023-11-21'),
(125, 1, '+10 Ecus paris textuelle', '2023-11-21'),
(126, 12, '+10 Ecus paris textuelle', '2023-11-21'),
(127, 4, '+10 Ecus paris textuelle', '2023-11-21'),
(128, 9, '+10 Ecus paris textuelle', '2023-11-21'),
(129, 12, '+10 Ecus paris textuelle', '2023-11-21'),
(130, 5, '+10 Ecus paris textuelle', '2023-11-21'),
(131, 5, '-20 Ecus Paris', '2023-11-21'),
(132, 12, '-20 transferé à romgui', '2023-11-21'),
(133, 1, '+20 transfert de robiniteurFou', '2023-11-21'),
(134, 1, '+25 Ecus  journalier', '2023-11-22'),
(135, 27, '+25 Ecus  journalier', '2023-11-22'),
(136, 5, '+25 Ecus  journalier', '2023-11-22'),
(137, 4, '+25 Ecus  journalier', '2023-11-22'),
(138, 12, '+25 Ecus  journalier', '2023-11-22'),
(139, 6, '+25 Ecus  journalier', '2023-11-22'),
(140, 15, '+25 Ecus  journalier', '2023-11-22'),
(141, 7, '+25 Ecus  journalier', '2023-11-22'),
(142, 7, '-27 Ecus Paris', '2023-11-22'),
(143, 23, '+25 Ecus  journalier', '2023-11-22'),
(144, 4, '+25 Ecus  journalier', '2023-11-23'),
(145, 7, '+25 Ecus  journalier', '2023-11-23'),
(146, 7, '-25 Ecus Paris', '2023-11-23'),
(147, 7, '-25 Ecus Paris', '2023-11-23'),
(148, 7, '-25 Ecus Paris', '2023-11-23'),
(149, 6, '+25 Ecus  journalier', '2023-11-23'),
(150, 5, '+25 Ecus  journalier', '2023-11-23'),
(151, 27, '+25 Ecus  journalier', '2023-11-23'),
(152, 18, '+25 Ecus  journalier', '2023-11-23'),
(153, 18, '-20 Ecus Paris', '2023-11-23'),
(154, 18, '-20 Ecus Paris', '2023-11-23'),
(155, 18, '-20 Ecus Paris', '2023-11-23'),
(156, 9, '+25 Ecus  journalier', '2023-11-23'),
(157, 9, '-20 Ecus Paris', '2023-11-23'),
(158, 9, '-20 Ecus Paris', '2023-11-23'),
(159, 9, '-20 Ecus Paris', '2023-11-23'),
(160, 18, '+34 Ecus Paris', '2023-11-23'),
(161, 18, '-20 Ecus Paris', '2023-11-23'),
(162, 5, '-50 Ecus Paris', '2023-11-23'),
(163, 27, '-20 Ecus Paris', '2023-11-23'),
(164, 7, '+45 Ecus Paris', '2023-11-23'),
(165, 15, '+25 Ecus  journalier', '2023-11-23'),
(166, 12, '+25 Ecus  journalier', '2023-11-23'),
(167, 12, '-50 Ecus Paris', '2023-11-23'),
(168, 15, '-20 Ecus Paris', '2023-11-23'),
(169, 5, '+80 Ecus Paris', '2023-11-23'),
(170, 12, '+80 Ecus Paris', '2023-11-23'),
(171, 23, '+25 Ecus  journalier', '2023-11-23'),
(172, 5, '+25 Ecus  journalier', '2023-11-24'),
(173, 23, '+25 Ecus  journalier', '2023-11-24'),
(174, 5, '+25 Ecus  journalier', '2023-11-25'),
(175, 7, '+25 Ecus  journalier', '2023-11-25'),
(176, 12, '+25 Ecus  journalier', '2023-11-25'),
(177, 15, '+25 Ecus  journalier', '2023-11-26'),
(178, 5, '+25 Ecus  journalier', '2023-11-26'),
(179, 18, '+25 Ecus  journalier', '2023-11-26'),
(180, 27, '+25 Ecus  journalier', '2023-11-26'),
(181, 12, '+25 Ecus  journalier', '2023-11-26'),
(182, 27, '+25 Ecus  journalier', '2023-11-27'),
(183, 5, '+25 Ecus  journalier', '2023-11-27'),
(184, 4, '+25 Ecus  journalier', '2023-11-27'),
(185, 18, '+25 Ecus  journalier', '2023-11-27'),
(186, 6, '+25 Ecus  journalier', '2023-11-27'),
(187, 27, '+25 Ecus  journalier', '2023-11-28'),
(188, 5, '+25 Ecus  journalier', '2023-11-28'),
(189, 5, '+25 Ecus  journalier', '2023-11-29'),
(190, 12, '+10 Ecus paris textuelle', '2023-12-01'),
(191, 23, '+10 Ecus paris textuelle', '2023-12-01'),
(192, 6, '+10 Ecus paris textuelle', '2023-12-01'),
(193, 5, '+10 Ecus paris textuelle', '2023-12-01'),
(194, 5, '-1 transferé à julbt_', '2023-12-01'),
(195, 8, '+1 transfert de Emilien54i', '2023-12-01'),
(196, 18, '+10 Ecus paris textuelle', '2023-12-03'),
(197, 5, '+10 Ecus paris textuelle', '2023-12-03'),
(198, 9, '+10 Ecus paris textuelle', '2023-12-03'),
(199, 1, '+10 Ecus paris textuelle', '2023-12-03'),
(200, 23, '+10 Ecus paris textuelle', '2023-12-03'),
(201, 1, '+10 Ecus paris textuelle', '2023-12-03'),
(202, 5, '+10 Ecus paris textuelle', '2023-12-03'),
(203, 9, '+10 Ecus paris textuelle', '2023-12-03'),
(204, 6, '+10 Ecus paris textuelle', '2023-12-03'),
(205, 12, '+10 Ecus paris textuelle', '2023-12-03'),
(206, 1, '+10 Ecus paris textuelle', '2023-12-03'),
(207, 5, '+10 Ecus paris textuelle', '2023-12-03'),
(208, 12, '+10 Ecus paris textuelle', '2023-12-03'),
(209, 15, '+10 Ecus paris textuelle', '2023-12-03'),
(210, 18, '+10 Ecus paris textuelle', '2023-12-03'),
(211, 27, '+10 Ecus paris textuelle', '2023-12-03'),
(212, 5, '+10 Ecus paris textuelle', '2023-12-03'),
(213, 9, '+10 Ecus paris textuelle', '2023-12-03'),
(214, 12, '+10 Ecus paris textuelle', '2023-12-03'),
(215, 12, '+10 Ecus paris textuelle', '2023-12-03'),
(216, 1, '+10 Ecus paris textuelle', '2023-12-03'),
(217, 5, '+10 Ecus paris textuelle', '2023-12-03'),
(218, 6, '+10 Ecus paris textuelle', '2023-12-03'),
(219, 1, '+10 Ecus paris textuelle', '2023-12-03'),
(220, 5, '+10 Ecus paris textuelle', '2023-12-03'),
(221, 18, '+10 Ecus paris textuelle', '2023-12-03'),
(222, 4, '-50 Ecus Paris', '2023-12-04'),
(223, 7, '-20 Ecus Paris', '2023-12-04'),
(224, 27, '-20 Ecus Paris', '2023-12-04'),
(225, 7, '-25 Ecus Paris', '2023-12-04'),
(226, 5, '-20 Ecus Paris', '2023-12-04'),
(227, 6, '-20 Ecus Paris', '2023-12-04'),
(228, 23, '-30 Ecus Paris', '2023-12-04'),
(229, 12, '-20 Ecus Paris', '2023-12-04'),
(230, 27, '+36 Ecus Paris', '2023-12-04'),
(231, 5, '+36 Ecus Paris', '2023-12-04'),
(232, 6, '+36 Ecus Paris', '2023-12-04'),
(233, 23, '+54 Ecus Paris', '2023-12-04'),
(234, 12, '+36 Ecus Paris', '2023-12-04'),
(235, 4, '+25 Ecus  journalier', '2023-12-05'),
(236, 5, '+25 Ecus  journalier', '2023-12-05'),
(237, 6, '+25 Ecus  journalier', '2023-12-05'),
(238, 6, '-20 Ecus Paris', '2023-12-05'),
(239, 7, '+25 Ecus  journalier', '2023-12-05'),
(240, 6, '+36 Ecus Paris', '2023-12-05'),
(241, 12, '+10 Ecus paris textuelle', '2023-12-05'),
(242, 1, '+10 Ecus paris textuelle', '2023-12-05'),
(243, 6, '+10 Ecus paris textuelle', '2023-12-05'),
(244, 23, '+10 Ecus paris textuelle', '2023-12-05'),
(245, 5, '+10 Ecus paris textuelle', '2023-12-05'),
(246, 7, '-5 Ecus Paris combine', '2023-12-05'),
(247, 12, '+25 Ecus  journalier', '2023-12-05'),
(248, 9, '-20 Ecus Paris', '2023-12-05'),
(249, 9, '-20 Ecus Paris', '2023-12-05'),
(250, 11, '-20 Ecus Paris', '2023-12-05'),
(251, 6, '-20 Ecus Paris', '2023-12-05'),
(252, 23, '+25 Ecus  journalier', '2023-12-05'),
(253, 23, '-25 Ecus Paris', '2023-12-05'),
(254, 4, '-40 Ecus Paris', '2023-12-05'),
(255, 12, '-231 Ecus Paris', '2023-12-05'),
(256, 6, '-156 Ecus Paris', '2023-12-05'),
(257, 5, '-20 Ecus Paris', '2023-12-05'),
(258, 9, '-20 Ecus Paris', '2023-12-05'),
(259, 27, '+25 Ecus  journalier', '2023-12-05'),
(260, 7, '+25 Ecus  journalier', '2023-12-06'),
(261, 4, '+25 Ecus  journalier', '2023-12-06'),
(262, 5, '+25 Ecus  journalier', '2023-12-06'),
(263, 23, '+25 Ecus  journalier', '2023-12-06'),
(264, 23, '-20 Ecus Paris', '2023-12-06'),
(265, 23, '-20 Ecus Paris', '2023-12-06'),
(266, 18, '-20 Ecus Paris', '2023-12-06'),
(267, 1, '-160 Ecus Paris', '2023-12-06'),
(268, 4, '-20 Ecus Paris', '2023-12-06'),
(269, 27, '+25 Ecus  journalier', '2023-12-06'),
(270, 27, '-20 Ecus Paris', '2023-12-06'),
(271, 5, '-20 Ecus Paris', '2023-12-06'),
(272, 6, '+25 Ecus  journalier', '2023-12-07'),
(273, 1, '+25 Ecus  journalier', '2023-12-07'),
(274, 6, '-1 Ecus Paris combine', '2023-12-07'),
(275, 4, '+25 Ecus  journalier', '2023-12-07'),
(276, 4, '-100 Ecus Paris', '2023-12-07'),
(277, 4, '-100 Ecus Paris', '2023-12-07'),
(278, 7, '+25 Ecus  journalier', '2023-12-07'),
(279, 5, '+25 Ecus  journalier', '2023-12-07'),
(280, 4, '+500 Ecus Paris', '2023-12-07'),
(281, 23, '+25 Ecus  journalier', '2023-12-07'),
(282, 27, '+25 Ecus  journalier', '2023-12-07'),
(283, 23, '-30 Ecus Paris', '2023-12-07'),
(284, 27, '-50 Ecus Paris', '2023-12-07'),
(285, 8, '-20 Ecus Paris combine', '2023-12-07'),
(286, 8, '-50 Ecus Paris', '2023-12-07'),
(287, 8, '-50 Ecus Paris', '2023-12-07'),
(288, 4, '-14 transferé à julbt_', '2023-12-07'),
(289, 8, '+14 transfert de Solth', '2023-12-07'),
(290, 8, '-20 Ecus Paris combine', '2023-12-07'),
(291, 23, '-100 Ecus Paris', '2023-12-07'),
(292, 9, '+25 Ecus  journalier', '2023-12-07'),
(293, 9, '-20 Ecus Paris', '2023-12-07'),
(294, 11, '+25 Ecus  journalier', '2023-12-07'),
(295, 11, '-50 Ecus Paris', '2023-12-07'),
(296, 11, '-35 Ecus Paris', '2023-12-07'),
(297, 8, '+90 Ecus Paris', '2023-12-07'),
(298, 11, '+90 Ecus Paris', '2023-12-07'),
(301, 7, '-25 Ecus Paris', '2023-12-07'),
(302, 15, '-20 Ecus Paris', '2023-12-07'),
(303, 7, '+40 Ecus Paris', '2023-12-07'),
(304, 15, '+32 Ecus Paris', '2023-12-07'),
(305, 23, '+25 Ecus  journalier', '2023-12-08'),
(306, 4, '+25 Ecus  journalier', '2023-12-08'),
(307, 5, '+25 Ecus  journalier', '2023-12-08'),
(308, 5, '+25 Ecus  journalier', '2023-12-09'),
(309, 4, '+25 Ecus  journalier', '2023-12-09'),
(310, 6, '+25 Ecus  journalier', '2023-12-09'),
(311, 4, '+25 Ecus  journalier', '2023-12-10'),
(312, 5, '+25 Ecus  journalier', '2023-12-10'),
(313, 6, '+25 Ecus  journalier', '2023-12-10'),
(314, 7, '+25 Ecus  journalier', '2023-12-10'),
(315, 1, '+25 Ecus  journalier', '2023-12-10'),
(316, 5, '+25 Ecus  journalier', '2023-12-11'),
(317, 6, '+25 Ecus  journalier', '2023-12-11'),
(318, 6, '-50 Ecus Paris', '2023-12-11'),
(319, 4, '+25 Ecus  journalier', '2023-12-11'),
(320, 4, '-30 Ecus Paris', '2023-12-11'),
(321, 7, '+25 Ecus  journalier', '2023-12-11'),
(322, 7, '-30 Ecus Paris', '2023-12-11'),
(323, 1, '+25 Ecus  journalier', '2023-12-11'),
(324, 27, '+25 Ecus  journalier', '2023-12-11'),
(325, 5, '+25 Ecus  journalier', '2023-12-12'),
(326, 1, '+25 Ecus  journalier', '2023-12-12'),
(327, 4, '+25 Ecus  journalier', '2023-12-12'),
(328, 6, '+25 Ecus  journalier', '2023-12-12'),
(329, 5, '-20 Ecus Paris', '2023-12-12'),
(330, 7, '+25 Ecus  journalier', '2023-12-12'),
(331, 7, '-25 Ecus Paris', '2023-12-12'),
(332, 7, '-20 Ecus Paris', '2023-12-12'),
(333, 11, '+25 Ecus  journalier', '2023-12-12'),
(334, 11, '-35 Ecus Paris', '2023-12-12'),
(335, 7, '+45 Ecus Paris', '2023-12-12'),
(336, 23, '+25 Ecus  journalier', '2023-12-12'),
(337, 23, '-50 Ecus Paris', '2023-12-12'),
(338, 7, '+32 Ecus Paris', '2023-12-12'),
(339, 7, '+32 Ecus Paris', '2023-12-12'),
(340, 27, '+25 Ecus  journalier', '2023-12-12'),
(341, 5, '-34 Ecus Paris', '2023-12-12'),
(342, 5, '+61.2 Ecus Paris', '2023-12-12'),
(343, 5, '-27 transferé à romgui (j''ai f', '2023-12-12'),
(344, 1, '+27 transfert de Emilien54i', '2023-12-12'),
(345, 5, '-1 Ecus Paris combine', '2023-12-12'),
(346, 1, '-1 transferé à Emilien54i', '2023-12-12'),
(347, 5, '+1 transfert de romgui (pour f', '2023-12-12'),
(348, 6, '+25 Ecus  journalier', '2023-12-13'),
(349, 4, '+25 Ecus  journalier', '2023-12-13'),
(350, 27, '+25 Ecus  journalier', '2023-12-13'),
(351, 5, '+25 Ecus  journalier', '2023-12-13'),
(352, 27, '-50 Ecus Paris', '2023-12-13'),
(353, 7, '+25 Ecus  journalier', '2023-12-13'),
(354, 15, '+25 Ecus  journalier', '2023-12-13'),
(355, 15, '-20 Ecus Paris', '2023-12-13'),
(356, 15, '-20 Ecus Paris', '2023-12-13'),
(357, 7, '-20 Ecus Paris', '2023-12-13'),
(358, 18, '-20 Ecus Paris', '2023-12-13'),
(359, 23, '+25 Ecus  journalier', '2023-12-13'),
(360, 23, '-25 Ecus Paris', '2023-12-13'),
(361, 23, '+10 Ecus paris textuelle', '2023-12-13'),
(362, 15, '+10 Ecus paris textuelle', '2023-12-13'),
(363, 6, '+10 Ecus paris textuelle', '2023-12-13'),
(364, 8, '+10 Ecus paris textuelle', '2023-12-13'),
(365, 7, '+10 Ecus paris textuelle', '2023-12-13'),
(366, 1, '+10 Ecus paris textuelle', '2023-12-13'),
(367, 5, '+10 Ecus paris textuelle', '2023-12-13'),
(368, 18, '+34 Ecus Paris', '2023-12-13'),
(369, 6, '+10 Ecus paris textuelle', '2023-12-13'),
(370, 6, '+10 Ecus paris textuelle', '2023-12-13'),
(371, 5, '-1 Ecus Paris combine', '2023-12-13'),
(372, 5, '-1 Ecus Paris combine', '2023-12-13'),
(373, 6, '-1 transferé à Emilien54i', '2023-12-13'),
(374, 5, '+1 transfert de 6d0', '2023-12-13'),
(375, 6, '-1 transferé à Emilien54i', '2023-12-13'),
(376, 5, '+1 transfert de 6d0', '2023-12-13'),
(377, 5, '-1 Ecus Paris combine', '2023-12-13'),
(378, 5, '-1 Ecus Paris combine', '2023-12-13'),
(379, 5, '-1 Ecus Paris combine', '2023-12-13'),
(380, 5, '-2 Ecus Paris combine', '2023-12-13'),
(381, 5, '-1 Ecus Paris combine', '2023-12-13'),
(382, 5, '-1 Ecus Paris combine', '2023-12-13'),
(383, 1, '-9 transferé à Emilien54i', '2023-12-13'),
(384, 5, '+9 transfert de romgui', '2023-12-13'),
(385, 6, '-1 Ecus Paris combine', '2023-12-13'),
(386, 6, '+10 Ecus paris textuelle', '2023-12-13'),
(387, 1, '-70 transferé à 6d0', '2023-12-13'),
(388, 6, '+70 transfert de romgui', '2023-12-13'),
(389, 1, '-3 transferé à 6d0', '2023-12-13'),
(390, 6, '+3 transfert de romgui', '2023-12-13'),
(391, 5, '-512 transferé à Emilien54i', '2023-12-13'),
(392, 5, '+512 transfert de Emilien54i', '2023-12-13'),
(393, 33, '-10 transferé à romgui', '2023-12-13'),
(394, 1, '+10 transfert de jurog', '2023-12-13'),
(395, 1, '-10 transferé à jurog', '2023-12-13'),
(396, 33, '+10 transfert de romgui', '2023-12-13'),
(397, 6, '+25 Ecus  journalier', '2023-12-14'),
(398, 6, '-1 Ecus Paris combine', '2023-12-14'),
(399, 1, '-100 transferé à 6d0', '2023-12-14'),
(400, 6, '+100 transfert de romgui', '2023-12-14'),
(401, 4, '+25 Ecus  journalier', '2023-12-14'),
(402, 7, '+25 Ecus  journalier', '2023-12-14'),
(403, 5, '+25 Ecus  journalier', '2023-12-14'),
(404, 27, '+25 Ecus  journalier', '2023-12-14'),
(405, 7, '-30 Ecus Paris', '2023-12-14'),
(406, 7, '-20 Ecus Paris', '2023-12-14'),
(407, 1, '-1 transferé à 6d0', '2023-12-14'),
(408, 6, '+1 transfert de romgui', '2023-12-14'),
(409, 11, '+25 Ecus  journalier', '2023-12-14'),
(410, 11, '-25 Ecus Paris', '2023-12-14'),
(411, 23, '+10 Ecus paris textuelle', '2023-12-14'),
(412, 15, '+10 Ecus paris textuelle', '2023-12-14'),
(413, 8, '+10 Ecus paris textuelle', '2023-12-14'),
(414, 5, '+10 Ecus paris textuelle', '2023-12-14'),
(415, 1, '+10 Ecus paris textuelle', '2023-12-14'),
(416, 34, '-20 Ecus Paris', '2023-12-14'),
(417, 35, '-100 transferé à 6d07', '2023-12-14'),
(418, 40, '+100 transfert de 6d02', '2023-12-14'),
(419, 36, '-100 transferé à 6d07', '2023-12-14'),
(420, 40, '+100 transfert de 6d03', '2023-12-14'),
(421, 37, '-100 transferé à 6d07', '2023-12-14'),
(422, 40, '+100 transfert de 6d04', '2023-12-14'),
(423, 38, '-100 transferé à 6d07', '2023-12-14'),
(424, 40, '+100 transfert de 6d05', '2023-12-14'),
(425, 39, '-100 transferé à 6d07', '2023-12-14'),
(426, 40, '+100 transfert de 6d06', '2023-12-14'),
(427, 7, '+10 Ecus paris textuelle', '2023-12-14'),
(428, 8, '-110 Ecus Paris', '2023-12-14'),
(429, 6, '+10 Ecus paris textuelle', '2023-12-14'),
(430, 11, '-25 Ecus Paris', '2023-12-14'),
(431, 7, '+54 Ecus Paris', '2023-12-14'),
(432, 11, '-25 Ecus Paris', '2023-12-14'),
(433, 1, '+10 Ecus paris textuelle', '2023-12-14'),
(434, 5, '+10 Ecus paris textuelle', '2023-12-14'),
(435, 23, '+25 Ecus  journalier', '2023-12-14'),
(436, 5, '+25 Ecus  journalier', '2023-12-15'),
(437, 23, '+25 Ecus  journalier', '2023-12-15'),
(438, 6, '+25 Ecus  journalier', '2023-12-15'),
(439, 4, '+25 Ecus  journalier', '2023-12-15'),
(440, 4, '+25 Ecus  journalier', '2023-12-16'),
(441, 6, '+25 Ecus  journalier', '2023-12-16'),
(442, 5, '+25 Ecus  journalier', '2023-12-16'),
(443, 5, '+25 Ecus  journalier', '2023-12-17'),
(444, 4, '+25 Ecus  journalier', '2023-12-17'),
(445, 6, '+25 Ecus  journalier', '2023-12-17'),
(446, 27, '+25 Ecus  journalier', '2023-12-18'),
(447, 5, '+25 Ecus  journalier', '2023-12-18'),
(448, 23, '+25 Ecus  journalier', '2023-12-18'),
(449, 23, '+25 Ecus  journalier', '2023-12-19'),
(450, 7, '+25 Ecus  journalier', '2023-12-19'),
(451, 7, '+25 Ecus  journalier', '2023-12-20'),
(452, 6, '-20 Ecus Paris', '2023-12-20'),
(453, 5, '-25 Ecus Paris', '2023-12-20'),
(454, 4, '-25 Ecus Paris', '2023-12-20'),
(455, 9, '+10 Ecus paris textuelle', '2023-12-20'),
(456, 6, '+10 Ecus paris textuelle', '2023-12-20'),
(457, 5, '+10 Ecus paris textuelle', '2023-12-20'),
(458, 12, '+10 Ecus paris textuelle', '2023-12-20'),
(459, 15, '+10 Ecus paris textuelle', '2023-12-20'),
(460, 8, '+10 Ecus paris textuelle', '2023-12-20'),
(461, 4, '+10 Ecus paris textuelle', '2023-12-20'),
(462, 27, '-27 Ecus Paris', '2023-12-20'),
(463, 23, '-30 Ecus Paris', '2023-12-20'),
(464, 23, '-20 Ecus Paris', '2023-12-20'),
(465, 9, '-20 Ecus Paris', '2023-12-20'),
(466, 6, '+25 Ecus  journalier', '2023-12-21'),
(467, 4, '+25 Ecus  journalier', '2023-12-21'),
(468, 7, '-20 Ecus Paris', '2023-12-21'),
(469, 5, '+25 Ecus  journalier', '2023-12-21'),
(470, 27, '+25 Ecus  journalier', '2023-12-21'),
(471, 18, '-20 Ecus Paris', '2023-12-21'),
(472, 6, '-20 Ecus Paris', '2023-12-21'),
(473, 6, '+32 Ecus Paris', '2023-12-21'),
(474, 6, '+25 Ecus  journalier', '2023-12-22'),
(475, 4, '+25 Ecus  journalier', '2023-12-22'),
(476, 7, '+25 Ecus  journalier', '2023-12-22'),
(477, 5, '+25 Ecus  journalier', '2023-12-22'),
(478, 4, '+25 Ecus  journalier', '2023-12-23'),
(479, 5, '+25 Ecus  journalier', '2023-12-23'),
(480, 6, '+25 Ecus  journalier', '2023-12-23'),
(481, 6, '+25 Ecus  journalier', '2023-12-24'),
(482, 6, '-1 Ecus Paris combine', '2023-12-24'),
(483, 5, '+25 Ecus  journalier', '2023-12-24'),
(484, 4, '+25 Ecus  journalier', '2023-12-24'),
(485, 6, '+25 Ecus  journalier', '2023-12-25'),
(486, 5, '+25 Ecus  journalier', '2023-12-25'),
(487, 1, '-1 transferé à 6d0', '2023-12-25'),
(488, 6, '+1 transfert de romgui', '2023-12-25'),
(489, 4, '+25 Ecus  journalier', '2023-12-25'),
(490, 6, '+25 Ecus  journalier', '2023-12-26'),
(491, 6, '+25 Ecus  journalier', '2023-12-27'),
(492, 1, '+25 Ecus  journalier', '2024-01-09'),
(493, 1, '+25 Ecus  journalier', '2024-01-10'),
(494, 1, '+25 Ecus  journalier', '2024-01-15'),
(495, 6, '+10 Ecus paris textuelle', '2024-01-15'),
(496, 7, '+10 Ecus paris textuelle', '2024-01-15'),
(497, 23, '+10 Ecus paris textuelle', '2024-01-15'),
(498, 4, '+10 Ecus paris textuelle', '2024-01-15'),
(499, 5, '+10 Ecus paris textuelle', '2024-01-15'),
(500, 6, '+10 Ecus paris textuelle', '2024-01-18'),
(501, 1, '+10 Ecus paris textuelle', '2024-01-18'),
(502, 6, '+10 Ecus paris textuelle', '2024-01-18'),
(503, 7, '+10 Ecus paris textuelle', '2024-01-18'),
(504, 23, '+10 Ecus paris textuelle', '2024-01-18'),
(505, 1, '+10 Ecus paris textuelle', '2024-01-18'),
(506, 4, '+10 Ecus paris textuelle', '2024-01-18'),
(507, 7, '+10 Ecus paris textuelle', '2024-01-24'),
(508, 23, '+10 Ecus paris textuelle', '2024-01-24'),
(509, 1, '+10 Ecus paris textuelle', '2024-01-24'),
(510, 27, '+10 Ecus paris textuelle', '2024-01-24'),
(511, 6, '+10 Ecus paris textuelle', '2024-01-24'),
(512, 1, '+25 Ecus  journalier', '2024-01-26'),
(513, 6, '-1 Ecus Paris combine', '2024-01-26'),
(514, 1, '-1 transferé à 6d0', '2024-01-26'),
(515, 6, '+1 transfert de romgui', '2024-01-26'),
(516, 1, '-20 paris', '2024-01-26'),
(517, 1, '-20 paris', '2024-01-26'),
(518, 1, '+25 écus - Bonus for logging i', '2024-01-26'),
(519, 1, '-20 paris', '2024-01-26'),
(520, 1, '-25 paris', '2024-01-26'),
(521, 1, '+37.5 Ecus Paris', '2024-01-26'),
(522, 6, '+25 Ecus  journalier', '2024-01-27'),
(523, 6, '+25 Ecus  journalier', '2024-01-28'),
(524, 6, '+25 Ecus  journalier', '2024-01-29'),
(525, 6, '-1 Ecus Paris combine', '2024-01-28'),
(526, 6, '+25 Ecus  journalier', '2024-01-30'),
(527, 6, '+25 Ecus  journalier', '2024-01-31'),
(528, 1, '+25 Ecus  journalier', '2024-01-31'),
(529, 1, '+10 Ecus paris textuelle', '2024-02-02'),
(530, 1, '-20 paris', '2024-02-03'),
(531, 1, '-20 paris', '2024-02-03'),
(532, 1, '+25 Ecus  journalier', '2024-02-04'),
(533, 1, '+10 Ecus paris textuelle', '2024-02-04'),
(534, 1, '+25 Ecus  journalier', '2024-02-05'),
(535, 4, '-20 Ecus Paris', '2024-02-05'),
(536, 7, '-30 Ecus Paris', '2024-02-05'),
(537, 23, '-25 Ecus Paris', '2024-02-05'),
(538, 6, '-1 Ecus Paris combine', '2024-02-05'),
(539, 6, '-20 paris', '2024-02-05'),
(540, 6, '-20 paris', '2024-02-05'),
(541, 6, '-20 paris', '2024-02-05'),
(542, 6, '-20 paris', '2024-02-05'),
(543, 6, '-2^5 paris', '2024-02-05'),
(544, 6, '-2^100 paris', '2024-02-05'),
(545, 6, '-2^200000000000000000000000000', '2024-02-05'),
(546, 6, '-2', '2024-02-05'),
(547, 6, '-2', '2024-02-05'),
(548, 6, '-2^2000 paris', '2024-02-05'),
(549, 6, '-3^1000 paris', '2024-02-05'),
(550, 6, '-3^1000 paris', '2024-02-05'),
(551, 6, '-3^1000 paris', '2024-02-05'),
(552, 6, '-3^1000 paris', '2024-02-05'),
(553, 6, '-2^1000 paris', '2024-02-05'),
(554, 23, '+37.5 Ecus Paris', '2024-02-05'),
(555, 1, '+25 Ecus  journalier', '2024-02-06'),
(556, 4, '+25 Ecus  journalier', '2024-02-06'),
(557, 7, '+25 Ecus  journalier', '2024-02-06'),
(558, 7, '-20 Ecus Paris', '2024-02-06'),
(559, 4, '-20 Ecus Paris', '2024-02-06'),
(560, 18, '-20 Ecus Paris', '2024-02-06'),
(561, 23, '+25 Ecus  journalier', '2024-02-06'),
(562, 23, '-25 Ecus Paris', '2024-02-06'),
(563, 6, '+25 Ecus  journalier', '2024-02-06'),
(564, 1, '+25 Ecus  journalier', '2024-02-07'),
(565, 6, '+25 Ecus  journalier', '2024-02-07'),
(566, 5, '-20 Ecus Paris', '2024-02-07'),
(567, 6, '-2^1 paris', '2024-02-07'),
(568, 7, '+25 Ecus  journalier', '2024-02-07'),
(569, 7, '-20 Ecus Paris', '2024-02-07'),
(570, 1, '-40 paris', '2024-02-07'),
(571, 1, '-2^1212 paris', '2024-02-07'),
(572, 1, '-20 paris', '2024-02-07'),
(573, 1, '-20 paris', '2024-02-07'),
(574, 6, '-20 paris', '2024-02-07'),
(575, 1, '-20 paris', '2024-02-07'),
(576, 1, '-20 paris', '2024-02-07'),
(577, 1, '-20 transferé à 6d0', '2024-02-07'),
(578, 6, '+20 transfert de romgui', '2024-02-07'),
(579, 6, '-218 paris', '2024-02-07'),
(580, 4, '+25 Ecus  journalier', '2024-02-07'),
(581, 1, '-218 transferé à 6d0', '2024-02-07'),
(582, 6, '+218 transfert de romgui', '2024-02-07'),
(583, 6, '-20 paris', '2024-02-07'),
(584, 1, '-20 transferé à 6d0', '2024-02-07'),
(585, 6, '+20 transfert de romgui', '2024-02-07'),
(586, 6, '-20 paris', '2024-02-07'),
(587, 6, '-20 paris', '2024-02-07'),
(588, 1, '-40 transferé à 6d0', '2024-02-07'),
(589, 6, '+40 transfert de romgui', '2024-02-07'),
(590, 1, '-58539 Ecus Paris', '2024-02-07'),
(591, 1, '-58539 Ecus Paris', '2024-02-07'),
(592, 1, '-58539 Ecus Paris', '2024-02-07'),
(593, 1, '-58539 Ecus Paris', '2024-02-07'),
(594, 6, '-500 Ecus Paris', '2024-02-07'),
(595, 6, '-0-0 transferé à Emilien54i', '2024-02-07'),
(596, 5, '+0-0 transfert de 6d0', '2024-02-07'),
(599, 6, '-1-2 transferé à romgui', '2024-02-07'),
(600, 1, '+1-2 transfert de 6d0', '2024-02-07'),
(601, 6, '-0+emilien transferé à Emilien', '2024-02-07'),
(602, 5, '+0+emilien transfert de 6d0', '2024-02-07'),
(603, 6, '-000000+1-2 transferé à 6d0', '2024-02-07'),
(604, 6, '+000000+1-2 transfert de 6d0', '2024-02-07'),
(605, 6, '-1 transferé à 6d0', '2024-02-07'),
(606, 6, '+1 transfert de 6d0', '2024-02-07'),
(607, 6, '+10 Ecus paris textuelle', '2024-02-07'),
(608, 6, '-10 + va te faire enculer tran', '2024-02-07'),
(609, 1, '+10 + va te faire enculer tran', '2024-02-07'),
(618, 23, '+25 Ecus  journalier', '2024-02-07'),
(619, 4, '+25 Ecus  journalier', '2024-02-08'),
(620, 23, '+25 Ecus  journalier', '2024-02-08'),
(621, 5, '+25 Ecus  journalier', '2024-02-08'),
(622, 1, '+25 Ecus  journalier', '2024-02-08'),
(623, 7, '+25 Ecus  journalier', '2024-02-08'),
(624, 7, '-20 Ecus Paris', '2024-02-08'),
(625, 7, '-20 Ecus Paris', '2024-02-08'),
(626, 18, '+25 Ecus  journalier', '2024-02-08'),
(627, 18, '-20 Ecus Paris', '2024-02-08'),
(628, 18, '-20 Ecus Paris', '2024-02-08'),
(629, 7, '-1 transferé à po', '2024-02-08'),
(630, 18, '+1 transfert de Matetris', '2024-02-08'),
(631, 6, '+25 Ecus  journalier', '2024-02-08'),
(632, 1, '-1 transferé à RobiniteurFou', '2024-02-08'),
(633, 12, '+1 transfert de romgui', '2024-02-08'),
(634, 23, '-50 Ecus Paris', '2024-02-08'),
(635, 23, '-50 Ecus Paris', '2024-02-08'),
(636, 18, '+34 Ecus Paris', '2024-02-08'),
(637, 27, '-20 Ecus Paris', '2024-02-08'),
(638, 27, '+10 Ecus paris textuelle', '2024-02-08'),
(639, 4, '+10 Ecus paris textuelle', '2024-02-08'),
(640, 12, '+10 Ecus paris textuelle', '2024-02-08'),
(641, 18, '+10 Ecus paris textuelle', '2024-02-08'),
(642, 1, '-15 transferé à Emilien54i', '2024-02-08'),
(643, 5, '+15 transfert de romgui', '2024-02-08'),
(644, 1, '-15 transferé à Solth', '2024-02-08'),
(645, 4, '+15 transfert de romgui', '2024-02-08'),
(646, 7, '+30 Ecus Paris', '2024-02-08'),
(647, 23, '+75 Ecus Paris', '2024-02-08'),
(648, 6, '-0 a 1000000000000020212121 tr', '2024-02-08'),
(649, 6, '+0 a 1000000000000020212121 tr', '2024-02-08'),
(658, 6, '-0 <script>alert(''htmlentities', '2024-02-08'),
(659, 6, '+0 <script>alert(''htmlentities', '2024-02-08'),
(660, 6, '-0 ha transferé à 6d0', '2024-02-08'),
(661, 6, '+0 ha transfert de 6d0', '2024-02-08'),
(662, 6, '-0 <?php echo ''1'' ?> transferé', '2024-02-08'),
(663, 6, '+0 <?php echo ''1'' ?> transfert', '2024-02-08'),
(664, 1, '-1 transferé à Solth', '2024-02-08'),
(665, 4, '+1 transfert de romgui', '2024-02-08'),
(666, 6, '-0 <script> alert(\"hello\")</sc', '2024-02-08'),
(667, 6, '+0 <script> alert(\"hello\")</sc', '2024-02-08'),
(668, 6, '-0 je suis un texte transferé ', '2024-02-08'),
(670, 6, '-0 je suis un texte tetsyjedhf', '2024-02-08'),
(671, 6, '+0 je suis un texte tetsyjedhf', '2024-02-08'),
(672, 1, '-1 transferé à Emilien54i', '2024-02-08'),
(673, 5, '+1 transfert de romgui', '2024-02-08'),
(674, 6, '-0 je suis un texte n°123456 t', '2024-02-08'),
(675, 6, '+0 je suis un texte n°123456 t', '2024-02-08'),
(676, 1, '-1 transferé à jurog', '2024-02-08'),
(677, 34, '+1 transfert de romgui', '2024-02-08'),
(678, 6, '-0 je suis un texte n°12345678', '2024-02-08'),
(679, 6, '+0 je suis un texte n°12345678', '2024-02-08'),
(680, 6, '-0 <script>alert(\"0\")</script>', '2024-02-08'),
(681, 6, '+0 <script>alert(\"0\")</script>', '2024-02-08'),
(682, 6, '-0 <?php echo \"alala\" ?> trans', '2024-02-08'),
(683, 6, '+0 <?php echo \"alala\" ?> trans', '2024-02-08'),
(684, 6, '-0 <?php echo $_SESSION ?> tra', '2024-02-08'),
(685, 6, '+0 <?php echo $_SESSION ?> tra', '2024-02-08'),
(686, 6, '-0 <script>var valeurJavaScrip', '2024-02-08'),
(687, 6, '+0 <script>var valeurJavaScrip', '2024-02-08'),
(688, 5, '+25 Ecus  journalier', '2024-02-09'),
(689, 5, '-20 Ecus Paris', '2024-02-09'),
(690, 1, '+25 Ecus  journalier', '2024-02-09'),
(691, 7, '+25 Ecus  journalier', '2024-02-09'),
(692, 7, '-20 Ecus Paris', '2024-02-09'),
(693, 23, '+25 Ecus  journalier', '2024-02-09'),
(694, 6, '+25 Ecus  journalier', '2024-02-09'),
(695, 6, '-1 Ecus Paris combine', '2024-02-09'),
(696, 6, '-1 Ecus Paris combine', '2024-02-09'),
(697, 23, '-20 Ecus Paris', '2024-02-09'),
(698, 4, '-25 Ecus Paris', '2024-02-09'),
(699, 15, '-25 Ecus Paris', '2024-02-09'),
(700, 15, '-25 Ecus Paris', '2024-02-09'),
(701, 23, '-25 Ecus Paris', '2024-02-09'),
(702, 15, '+45 Ecus Paris', '2024-02-09'),
(703, 6, '+1.8 Ecus Paris Combine', '2024-02-09'),
(704, 1, '+25 Ecus  journalier', '2024-02-10'),
(705, 7, '+25 Ecus  journalier', '2024-02-10'),
(706, 6, '+25 Ecus  journalier', '2024-02-10'),
(707, 6, '+25 Ecus  journalier', '2024-02-11'),
(708, 4, '+25 Ecus  journalier', '2024-02-12'),
(709, 6, '-1 Ecus Paris combine', '2024-02-12'),
(710, 12, '-20 Ecus Paris', '2024-02-12'),
(711, 7, '+25 Ecus  journalier', '2024-02-12'),
(712, 7, '-20 Ecus Paris', '2024-02-12'),
(713, 27, '+25 Ecus  journalier', '2024-02-12'),
(714, 7, '+32 Ecus Paris', '2024-02-12'),
(715, 6, '+1.6 Ecus Paris Combine', '2024-02-12'),
(716, 1, '-1 transferé à 6d0', '2024-02-12'),
(717, 6, '+1 transfert de romgui', '2024-02-12'),
(718, 23, '+25 Ecus  journalier', '2024-02-12'),
(719, 5, '+25 Ecus  journalier', '2024-02-12'),
(720, 1, '-75 transferé à Emilien54i', '2024-02-12'),
(721, 5, '+75 transfert de romgui', '2024-02-12'),
(722, 1, '-75 transferé à Solth', '2024-02-12'),
(723, 4, '+75 transfert de romgui', '2024-02-12'),
(724, 1, '-75 transferé à 6d0', '2024-02-12'),
(725, 6, '+75 transfert de romgui', '2024-02-12'),
(726, 6, '-1 Ecus Paris combine', '2024-02-12'),
(727, 6, '-10 Ecus Paris combine', '2024-02-12'),
(728, 1, '-12 Ecus Paris combine', '2024-02-12'),
(729, 6, '-20 paris', '2024-02-12'),
(730, 1, '-20 transferé à 6d0', '2024-02-12'),
(731, 6, '+20 transfert de romgui', '2024-02-12'),
(732, 6, '-21 paris', '2024-02-12'),
(733, 1, '-21 transferé à 6d0', '2024-02-12'),
(734, 6, '+21 transfert de romgui', '2024-02-12'),
(735, 1, '-60 Ecus Paris', '2024-02-12'),
(736, 6, '-20 paris', '2024-02-12'),
(737, 1, '-40 paris', '2024-02-12'),
(738, 1, '-45 paris', '2024-02-12'),
(739, 1, '-45 paris', '2024-02-12'),
(740, 6, '-20 paris', '2024-02-12'),
(741, 1, '-60 paris', '2024-02-12'),
(742, 1, '-69 paris', '2024-02-12'),
(743, 1, '-6868 paris', '2024-02-12'),
(744, 6, '+25 Ecus  journalier', '2024-02-13'),
(745, 1, '+25 Ecus  journalier', '2024-02-13'),
(746, 1, '-40 transferé à 6d0', '2024-02-13'),
(747, 6, '+40 transfert de romgui', '2024-02-13'),
(748, 4, '+25 Ecus  journalier', '2024-02-13'),
(749, 5, '+25 Ecus  journalier', '2024-02-13'),
(750, 5, '-20 Ecus Paris', '2024-02-13'),
(751, 7, '+25 Ecus  journalier', '2024-02-13'),
(752, 7, '-20 Ecus Paris', '2024-02-13'),
(753, 12, '+25 Ecus  journalier', '2024-02-13'),
(754, 12, '-66 Ecus Paris', '2024-02-13'),
(755, 23, '+25 Ecus  journalier', '2024-02-13'),
(756, 23, '-20 Ecus Paris', '2024-02-13'),
(757, 27, '-20 Ecus Paris', '2024-02-13'),
(758, 11, '-20 Ecus Paris', '2024-02-13'),
(759, 15, '+25 Ecus  journalier', '2024-02-13'),
(760, 15, '-22 Ecus Paris', '2024-02-13'),
(761, 6, '-20 paris', '2024-02-13'),
(762, 1, '-20 paris', '2024-02-13'),
(763, 1, '-13000 paris', '2024-02-13'),
(764, 1, '-821 transferé à RobiniteurFou', '2024-02-13'),
(765, 12, '+821 transfert de romgui', '2024-02-13'),
(766, 1, '-60 transferé à Djevara', '2024-02-13'),
(767, 23, '+60 transfert de romgui', '2024-02-13'),
(768, 4, '-20 paris', '2024-02-13'),
(769, 6, '-20 pour dédouaner transferé à', '2024-02-13'),
(770, 4, '+20 pour dédouaner transfert d', '2024-02-13'),
(771, 1, '-12119 transferé à RobiniteurF', '2024-02-13'),
(772, 12, '+12119 transfert de romgui', '2024-02-13'),
(773, 12, '-12119 Ecus Paris', '2024-02-13'),
(774, 11, '+30 Ecus Paris', '2024-02-13'),
(775, 15, '+33 Ecus Paris', '2024-02-13'),
(776, 27, '+30 Ecus Paris', '2024-02-13'),
(777, 6, '+30 Ecus Paris', '2024-02-13'),
(778, 12, '+18178.5 Ecus Paris', '2024-02-13'),
(779, 4, '+25 Ecus  journalier', '2024-02-14'),
(780, 1, '+25 Ecus  journalier', '2024-02-14'),
(781, 5, '+25 Ecus  journalier', '2024-02-14'),
(782, 6, '+25 Ecus  journalier', '2024-02-14'),
(783, 7, '+25 Ecus  journalier', '2024-02-14'),
(784, 7, '-20 Ecus Paris', '2024-02-14'),
(785, 12, '+25 Ecus  journalier', '2024-02-14'),
(786, 7, '+30 Ecus Paris', '2024-02-14'),
(787, 23, '+10 Ecus paris textuelle', '2024-02-14'),
(788, 5, '+10 Ecus paris textuelle', '2024-02-14'),
(789, 6, '+10 Ecus paris textuelle', '2024-02-14'),
(790, 15, '+10 Ecus paris textuelle', '2024-02-14'),
(791, 4, '+10 Ecus paris textuelle', '2024-02-14'),
(792, 1, '-20 Ecus Paris', '2024-02-14'),
(793, 1, '+25 Ecus  journalier', '2024-02-15'),
(794, 6, '+25 Ecus  journalier', '2024-02-15'),
(795, 6, '-4 Ecus Paris combine', '2024-02-15'),
(796, 4, '+25 Ecus  journalier', '2024-02-15'),
(797, 23, '+25 Ecus  journalier', '2024-02-15'),
(798, 7, '+25 Ecus  journalier', '2024-02-15'),
(799, 7, '-40 Ecus Paris', '2024-02-15'),
(800, 7, '-44 Ecus Paris', '2024-02-15'),
(801, 5, '+25 Ecus  journalier', '2024-02-15'),
(802, 11, '+25 Ecus  journalier', '2024-02-15'),
(803, 11, '-25 Ecus Paris', '2024-02-15'),
(804, 11, '-20 Ecus Paris', '2024-02-15'),
(805, 5, '-20 Ecus Paris', '2024-02-15'),
(806, 12, '+25 Ecus  journalier', '2024-02-15'),
(807, 23, '+10 Ecus paris textuelle', '2024-02-15'),
(808, 4, '+10 Ecus paris textuelle', '2024-02-15'),
(809, 12, '+10 Ecus paris textuelle', '2024-02-15'),
(810, 23, '-280 Ecus Paris', '2024-02-15'),
(811, 7, '+66 Ecus Paris', '2024-02-15'),
(812, 1, '+25 Ecus  journalier', '2024-02-16'),
(813, 6, '-4 Ecus Paris combine', '2024-02-16'),
(814, 6, '-20 Ecus Paris', '2024-02-16'),
(815, 7, '+25 Ecus  journalier', '2024-02-16'),
(816, 7, '-20 Ecus Paris', '2024-02-16'),
(817, 7, '-20 Ecus Paris', '2024-02-16'),
(818, 12, '-70 transferé à 6d0', '2024-02-16'),
(819, 6, '+70 transfert de RobiniteurFou', '2024-02-16'),
(820, 4, '-40 Ecus Paris', '2024-02-16'),
(821, 23, '+25 Ecus  journalier', '2024-02-16'),
(822, 23, '-125 Ecus Paris', '2024-02-16'),
(823, 6, '+34 Ecus Paris', '2024-02-16'),
(824, 7, '+34 Ecus Paris', '2024-02-16'),
(825, 4, '+68 Ecus Paris', '2024-02-16'),
(826, 23, '+212.5 Ecus Paris', '2024-02-16'),
(827, 12, '-10 Ecus Paris combine', '2024-02-16'),
(828, 7, '-125 Ecus Paris', '2024-02-16'),
(829, 5, '+25 Ecus  journalier', '2024-02-16'),
(830, 7, '+36 Ecus Paris', '2024-02-16'),
(831, 6, '+12.24 Ecus Paris Combine', '2024-02-16'),
(832, 5, '+25 Ecus  journalier', '2024-02-17'),
(833, 6, '+25 Ecus  journalier', '2024-02-17'),
(834, 4, '+25 Ecus  journalier', '2024-02-17'),
(835, 1, '+25 Ecus  journalier', '2024-02-17'),
(836, 7, '+25 Ecus  journalier', '2024-02-17'),
(837, 23, '+25 Ecus  journalier', '2024-02-17'),
(838, 6, '+25 Ecus  journalier', '2024-02-18'),
(839, 4, '+25 Ecus  journalier', '2024-02-18'),
(840, 7, '+25 Ecus  journalier', '2024-02-18'),
(841, 12, '-30 transferé à po', '2024-02-18'),
(842, 18, '+30 transfert de RobiniteurFou', '2024-02-18'),
(843, 6, '+25 Ecus  journalier', '2024-02-19'),
(844, 6, '-25 Ecus Paris', '2024-02-19'),
(845, 6, '+42.5 Ecus Paris', '2024-02-19'),
(846, 4, '+25 Ecus  journalier', '2024-02-19'),
(847, 4, '-20 Ecus Paris', '2024-02-19'),
(848, 6, '-0 zebi transferé à Solth', '2024-02-19'),
(849, 4, '+0 zebi transfert de 6d0', '2024-02-19'),
(850, 1, '-50 transferé à Juju', '2024-02-19'),
(851, 27, '+50 transfert de romgui', '2024-02-19'),
(852, 7, '+25 Ecus  journalier', '2024-02-19'),
(853, 7, '-40 Ecus Paris', '2024-02-19'),
(854, 7, '-20 Ecus Paris', '2024-02-19'),
(855, 11, '+25 Ecus  journalier', '2024-02-19'),
(856, 11, '-25 Ecus Paris', '2024-02-19'),
(857, 4, '+30 Ecus Paris', '2024-02-19'),
(858, 23, '+25 Ecus  journalier', '2024-02-19'),
(859, 6, '+25 Ecus  journalier', '2024-02-20'),
(860, 23, '+25 Ecus  journalier', '2024-02-20'),
(861, 7, '+25 Ecus  journalier', '2024-02-20'),
(862, 23, '-20 Ecus Paris', '2024-02-20'),
(863, 7, '-20 Ecus Paris', '2024-02-20'),
(864, 6, '-25 Ecus Paris', '2024-02-20'),
(865, 4, '+25 Ecus  journalier', '2024-02-20'),
(866, 5, '-998 transferé à 6d0', '2024-02-20'),
(867, 6, '+998 transfert de Emilien54i', '2024-02-20'),
(868, 6, '-998 transferé à Emilien54i', '2024-02-20'),
(869, 5, '+998 transfert de 6d0', '2024-02-20'),
(870, 11, '+25 Ecus  journalier', '2024-02-20'),
(871, 5, '-900 transferé à Concours', '2024-02-20'),
(872, 42, '+900 transfert de Emilien54i', '2024-02-20'),
(873, 12, '-60 transferé à 6d0', '2024-02-20'),
(874, 6, '+60 transfert de RobiniteurFou', '2024-02-20'),
(875, 12, '-1 transferé à 6d0', '2024-02-20'),
(876, 6, '+1 transfert de RobiniteurFou', '2024-02-20'),
(877, 6, '+25 Ecus  journalier', '2024-02-21'),
(878, 7, '+25 Ecus  journalier', '2024-02-21'),
(879, 7, '-20 Ecus Paris', '2024-02-21'),
(880, 4, '+25 Ecus  journalier', '2024-02-21'),
(881, 6, '+25 Ecus  journalier', '2024-02-22'),
(882, 7, '+25 Ecus  journalier', '2024-02-22'),
(883, 7, '-20 Ecus Paris', '2024-02-22'),
(884, 7, '-20 Ecus Paris', '2024-02-22'),
(885, 6, '-20 Ecus Paris', '2024-02-22'),
(886, 6, '-20 Ecus Paris', '2024-02-22'),
(887, 12, '-88 Ecus Paris', '2024-02-22'),
(888, 12, '-1 transferé à Solth', '2024-02-22'),
(889, 4, '+1 transfert de RobiniteurFou', '2024-02-22'),
(890, 23, '+25 Ecus  journalier', '2024-02-22'),
(891, 23, '-25 Ecus Paris', '2024-02-22'),
(892, 23, '-168 Ecus Paris', '2024-02-22'),
(893, 27, '-90 transferé à RobiniteurFou', '2024-02-22'),
(894, 12, '+90 transfert de Juju', '2024-02-22'),
(895, 7, '+25 Ecus  journalier', '2024-02-23'),
(896, 12, '+25 Ecus  journalier', '2024-02-23'),
(897, 12, '-15 transferé à 6d0', '2024-02-23'),
(898, 6, '+15 transfert de RobiniteurFou', '2024-02-23'),
(899, 12, '-20 Ecus Paris', '2024-02-23'),
(900, 23, '+10 Ecus paris textuelle', '2024-02-23'),
(901, 4, '+10 Ecus paris textuelle', '2024-02-23'),
(902, 12, '-20 Ecus Paris', '2024-02-23'),
(903, 6, '+25 Ecus  journalier', '2024-02-23'),
(904, 6, '-20 Ecus Paris', '2024-02-23'),
(905, 12, '+34 Ecus Paris', '2024-02-23'),
(906, 6, '+34 Ecus Paris', '2024-02-23'),
(907, 11, '-25 Ecus Paris', '2024-02-23'),
(908, 6, '-34 Ecus Paris', '2024-02-23'),
(909, 11, '+45 Ecus Paris', '2024-02-23'),
(910, 6, '+25 Ecus  journalier', '2024-02-24'),
(911, 6, '+25 Ecus  journalier', '2024-02-25'),
(912, 7, '+25 Ecus  journalier', '2024-02-26'),
(913, 6, '+25 Ecus  journalier', '2024-02-26'),
(914, 12, '+25 Ecus  journalier', '2024-02-26'),
(915, 12, '-99 Ecus Paris', '2024-02-26'),
(916, 12, '-20 Ecus Paris', '2024-02-26'),
(917, 7, '-25 Ecus Paris', '2024-02-26'),
(918, 7, '-25 Ecus Paris', '2024-02-26'),
(919, 7, '+40 Ecus Paris', '2024-02-26'),
(920, 23, '+25 Ecus  journalier', '2024-02-26'),
(921, 12, '+30 Ecus Paris', '2024-02-26'),
(922, 7, '+37.5 Ecus Paris', '2024-02-26'),
(923, 6, '+25 Ecus  journalier', '2024-02-27'),
(924, 7, '+25 Ecus  journalier', '2024-02-27'),
(925, 6, '-25 Ecus Paris', '2024-02-27'),
(926, 11, '+25 Ecus  journalier', '2024-02-27'),
(927, 11, '-20 Ecus Paris', '2024-02-27'),
(928, 6, '+25 Ecus  journalier', '2024-02-28'),
(929, 7, '+25 Ecus  journalier', '2024-02-28'),
(930, 7, '-7 Ecus Paris combine', '2024-02-28'),
(931, 7, '-20 Ecus Paris', '2024-02-28'),
(932, 1, '-7 transferé à Matetris', '2024-02-28'),
(933, 7, '+7 transfert de romgui', '2024-02-28'),
(934, 11, '+25 Ecus  journalier', '2024-02-28'),
(935, 11, '-25 Ecus Paris', '2024-02-28'),
(936, 23, '-100 Ecus Paris', '2024-02-28'),
(937, 6, '-50 Ecus Paris', '2024-02-28'),
(938, 12, '+25 Ecus  journalier', '2024-02-28'),
(939, 12, '-55 Ecus Paris', '2024-02-28'),
(940, 1, '-200 transferé à RobiniteurFou', '2024-02-28'),
(941, 12, '+200 transfert de romgui', '2024-02-28'),
(942, 12, '-200 Ecus Paris', '2024-02-28'),
(943, 1, '-800 transferé à RobiniteurFou', '2024-02-28'),
(944, 12, '+800 transfert de romgui', '2024-02-28'),
(945, 12, '-800 Ecus Paris', '2024-02-28'),
(946, 1, '-150000 transferé à Robiniteur', '2024-02-28'),
(947, 12, '+150000 transfert de romgui', '2024-02-28'),
(948, 6, '+25 Ecus  journalier', '2024-02-29'),
(949, 7, '+25 Ecus  journalier', '2024-02-29'),
(950, 7, '-20 Ecus Paris', '2024-02-29'),
(951, 7, '-20 Ecus Paris', '2024-02-29'),
(952, 11, '+25 Ecus  journalier', '2024-02-29'),
(953, 11, '-25 Ecus Paris', '2024-02-29'),
(954, 11, '-20 Ecus Paris', '2024-02-29'),
(955, 6, '-25 Ecus Paris', '2024-02-29'),
(956, 23, '+25 Ecus  journalier', '2024-02-29'),
(957, 23, '-160 Ecus Paris', '2024-02-29'),
(958, 11, '+30 Ecus Paris', '2024-02-29'),
(959, 12, '+25 Ecus  journalier', '2024-02-29'),
(960, 6, '+25 Ecus  journalier', '2024-03-01'),
(961, 1, '-900 transferé à Emilien54i', '2024-03-01'),
(962, 5, '+900 transfert de romgui', '2024-03-01'),
(963, 23, '+25 Ecus  journalier', '2024-03-01'),
(964, 23, '-25 Ecus Paris', '2024-03-01'),
(965, 5, '-998 Ecus Paris', '2024-03-01'),
(966, 11, '+25 Ecus  journalier', '2024-03-01'),
(967, 11, '-25 Ecus Paris', '2024-03-01'),
(968, 7, '+10 Ecus paris textuelle', '2024-03-01'),
(969, 1, '+10 Ecus paris textuelle', '2024-03-01'),
(970, 4, '+10 Ecus paris textuelle', '2024-03-01'),
(971, 23, '+10 Ecus paris textuelle', '2024-03-01'),
(972, 6, '+10 Ecus paris textuelle', '2024-03-01'),
(973, 27, '+10 Ecus paris textuelle', '2024-03-01'),
(974, 1, '+10 Ecus paris textuelle', '2024-03-01'),
(975, 12, '+10 Ecus paris textuelle', '2024-03-01'),
(976, 4, '+10 Ecus paris textuelle', '2024-03-01'),
(977, 12, '+25 Ecus  journalier', '2024-03-01'),
(978, 6, '+25 Ecus  journalier', '2024-03-02'),
(979, 6, '-300 Ecus Paris', '2024-03-10'),
(980, 6, '+25 Ecus  journalier', '2024-03-11'),
(981, 6, '+510 Ecus Paris', '2024-03-11'),
(982, 7, '-20 Ecus Paris', '2024-03-11'),
(983, 7, '-20 Ecus Paris', '2024-03-11'),
(984, 12, '-21 Ecus Paris', '2024-03-11'),
(985, 7, '+32 Ecus Paris', '2024-03-11'),
(986, 6, '+25 Ecus  journalier', '2024-03-12'),
(987, 6, '-20 Ecus Paris', '2024-03-12'),
(988, 6, '-30 Ecus Paris', '2024-03-12'),
(989, 23, '-20 Ecus Paris', '2024-03-12'),
(990, 4, '-25 Ecus Paris', '2024-03-12'),
(991, 7, '+25 Ecus  journalier', '2024-03-12'),
(992, 7, '-20 Ecus Paris', '2024-03-12'),
(993, 12, '+25 Ecus  journalier', '2024-03-12'),
(994, 12, '-20 Ecus Paris', '2024-03-12'),
(995, 11, '-50 Ecus Paris', '2024-03-12'),
(996, 4, '+25 Ecus  journalier', '2024-03-13'),
(997, 6, '+25 Ecus  journalier', '2024-03-13'),
(998, 7, '+25 Ecus  journalier', '2024-03-13'),
(999, 7, '+25 Ecus  journalier', '2024-03-14'),
(1000, 23, '+25 Ecus  journalier', '2024-03-14'),
(1001, 6, '+25 Ecus  journalier', '2024-03-14'),
(1002, 23, '-20 Ecus Paris', '2024-03-19'),
(1003, 12, '-30 Ecus Paris', '2024-03-19'),
(1004, 23, '+34 Ecus Paris', '2024-03-19'),
(1005, 12, '+51 Ecus Paris', '2024-03-19'),
(1006, 6, '-30 Ecus Paris', '2024-03-19'),
(1007, 12, '-150 Ecus Paris', '2024-03-19'),
(1008, 6, '+25 Ecus  journalier', '2024-03-20'),
(1009, 6, '+25 Ecus  journalier', '2024-03-21'),
(1010, 1, '-150 transferé à RobiniteurFou', '2024-03-25'),
(1011, 12, '+150 transfert de romgui', '2024-03-25'),
(1012, 1, '-30 transferé à 6d0', '2024-03-25'),
(1013, 6, '+30 transfert de romgui', '2024-03-25'),
(1014, 6, '-300 Ecus Paris', '2024-03-25'),
(1015, 12, '-305 Ecus Paris', '2024-03-25'),
(1016, 7, '-20 Ecus Paris', '2024-03-25'),
(1017, 7, '-27 Ecus Paris', '2024-03-25'),
(1018, 1, '-200 transferé à RobiniteurFou', '2024-03-25'),
(1019, 12, '+200 transfert de romgui', '2024-03-25'),
(1020, 15, '-300 Ecus Paris', '2024-03-25'),
(1021, 7, '+25 Ecus  journalier', '2024-03-26'),
(1022, 6, '+25 Ecus  journalier', '2024-03-26'),
(1023, 7, '+25 Ecus  journalier', '2024-03-27'),
(1024, 6, '-200 Ecus Paris', '2024-10-11'),
(1025, 1, '-45 Ecus Paris', '2024-11-27'),
(1026, 1, '-44 Ecus Paris combine', '2025-03-15');
-- --------------------------------------------------------
--
-- Structure de la table parieurs
--
CREATE TABLE parieurs (
  id INTEGER NOT NULL,
  paris_id INTEGER,
  user_id INTEGER,
  nbEcuParier INTEGER NOT NULL,
  nbEcuGagne INTEGER,
  heure_estimee TIME NOT NULL
);
--
-- Déchargement des données de la table parieurs
--
INSERT INTO parieurs (id, paris_id, user_id, nbEcuParier, nbEcuGagne, heure_estimee) VALUES
(1, 12, 1, 19, 0, '17:28:00'),
(2, 1, 1, 20, NULL, '00:00:00'),
(3, 4, 1, 20, 0, '12:12:12'),
(4, 4, 1, 20, 0, '12:12:12'),
(5, 4, 1, 20, 0, '11:11:11'),
(6, 4, 1, 20, 0, '14:14:14'),
(7, 4, 1, 50, 0, '10:10:10'),
(8, 4, 6, 20, 0, '12:12:12'),
(9, 4, 6, 20, 0, '00:00:00'),
(10, 4, 1, 20, 0, '12:12:12'),
(11, 4, 1, 20, 0, '15:39:00'),
(12, 4, 1, 20, 0, '15:41:00'),
(13, 4, 1, 25, 37, '15:44:00'),
(14, 9, 1, 20, NULL, '12:12:12'),
(15, 10, 1, 20, 0, '12:12:12'),
(16, 11, 4, 20, 0, '08:21:00'),
(17, 12, 7, 30, 0, '13:34:00'),
(18, 12, 23, 25, 37, '13:35:00'),
(24, 12, 6, 2, 0, '00:00:00'),
(25, 12, 6, 2, 0, '00:00:00'),
(26, 12, 6, 2, 0, '00:00:00'),
(27, 12, 6, 2, 0, '00:00:00'),
(28, 12, 6, 2, 0, '00:00:00'),
(33, 12, 6, 2, 0, '00:00:00'),
(30, 12, 6, 3, 0, '00:00:00'),
(31, 12, 6, 3, 0, '00:00:09'),
(34, 14, 7, 20, 0, '10:34:00'),
(35, 14, 4, 20, 0, '10:33:00'),
(36, 14, 18, 20, 0, '10:26:25'),
(37, 14, 23, 25, 0, '10:32:30'),
(38, 16, 5, 20, 0, '10:30:00'),
(39, 16, 6, 2, 0, '10:30:00'),
(40, 16, 7, 20, 0, '10:33:00'),
(41, 16, 1, 40, 0, '12:34:56'),
(42, 16, 1, 2, 0, '12:12:12'),
(52, 16, 1, 58539, 0, '10:30:00'),
(53, 16, 1, 58539, 0, '10:32:00'),
(54, 16, 1, 58539, 0, '10:34:00'),
(55, 16, 1, 58539, 0, '10:36:00'),
(57, 20, 7, 20, 30, '13:31:00'),
(58, 19, 7, 20, 0, '10:33:00'),
(59, 20, 18, 20, 0, '13:35:15'),
(60, 19, 18, 20, 34, '10:35:41'),
(61, 19, 23, 50, 0, '10:31:35'),
(62, 20, 23, 50, 75, '13:28:00'),
(63, 20, 27, 20, 0, '13:31:17'),
(64, 24, 5, 20, 0, '10:34:00'),
(65, 25, 7, 20, 0, '13:33:01'),
(66, 24, 23, 20, 0, '10:33:25'),
(67, 25, 4, 25, 0, '13:32:00'),
(68, 25, 15, 25, 45, '13:34:00'),
(69, 26, 15, 25, 0, '15:35:00'),
(70, 25, 23, 25, 0, '13:30:30'),
(71, 29, 12, 20, 0, '10:30:00'),
(72, 29, 7, 20, 32, '10:32:00'),
(89, 32, 11, 20, 30, '13:33:00'),
(90, 32, 15, 22, 33, '13:32:00'),
(88, 32, 27, 20, 30, '13:33:13'),
(87, 31, 23, 20, 0, '10:32:15'),
(86, 31, 12, 66, 0, '10:34:00'),
(85, 31, 7, 20, 0, '10:34:00'),
(91, 32, 6, 20, 30, '13:34:00'),
(92, 32, 1, 20, 0, '13:37:00'),
(84, 30, 5, 20, 0, '08:20:00'),
(93, 32, 1, 13000, 0, '13:30:00'),
(94, 32, 4, 20, 0, '13:30:00'),
(95, 32, 12, 12119, 18178, '13:33:00'),
(96, 34, 7, 20, 30, '10:34:00'),
(97, 34, 1, 20, NULL, '12:12:12'),
(98, 36, 7, 40, 0, '10:33:00'),
(99, 37, 7, 44, 66, '13:31:00'),
(100, 36, 11, 25, 0, '10:36:20'),
(101, 37, 11, 20, 0, '13:34:00'),
(102, 37, 5, 20, 0, '13:29:00'),
(103, 37, 23, 280, 0, '13:29:00'),
(104, 38, 6, 20, 0, '10:33:50'),
(105, 38, 7, 20, 0, '10:33:00'),
(106, 39, 7, 20, 36, '13:34:00'),
(107, 38, 4, 40, 0, '10:33:30'),
(108, 38, 23, 125, 0, '10:35:00'),
(109, 39, 7, 125, 0, '13:31:00'),
(110, 40, 6, 25, 42, '08:20:00'),
(111, 42, 4, 20, 30, '13:35:00'),
(112, 41, 7, 40, 0, '10:32:00'),
(113, 42, 7, 20, 0, '13:40:00'),
(114, 42, 11, 25, 0, '13:32:00'),
(115, 44, 23, 20, 0, '10:29:30'),
(116, 44, 7, 20, 0, '10:30:01'),
(117, 44, 6, 25, 0, '10:36:30'),
(118, 48, 7, 20, 0, '10:30:01'),
(119, 50, 7, 20, 0, '10:32:00'),
(120, 51, 7, 20, 0, '13:30:00'),
(121, 51, 6, 20, 0, '13:30:00'),
(122, 50, 6, 20, 0, '10:32:30'),
(123, 51, 12, 88, 0, '13:30:00'),
(124, 50, 23, 25, 0, '10:33:45'),
(125, 51, 23, 168, 0, '13:30:00'),
(126, 54, 12, 20, 34, '10:36:00'),
(127, 55, 12, 20, 0, '13:37:00'),
(128, 54, 6, 20, 34, '10:34:45'),
(129, 55, 11, 25, 45, '13:35:00'),
(130, 55, 6, 34, 0, '13:36:30'),
(131, 57, 12, 99, 0, '10:33:00'),
(132, 58, 12, 20, 30, '13:36:00'),
(133, 58, 7, 25, 37, '13:35:00'),
(134, 57, 7, 25, 40, '10:31:00'),
(135, 59, 6, 25, 0, '13:31:30'),
(136, 59, 11, 20, 0, '13:32:00'),
(137, 61, 7, 20, 0, '10:31:00'),
(138, 61, 11, 25, 0, '10:32:30'),
(139, 61, 23, 100, 0, '10:31:29'),
(140, 61, 6, 50, 0, '10:32:15'),
(141, 61, 12, 55, 0, '10:31:30'),
(142, 61, 12, 200, 0, '10:31:30'),
(143, 61, 12, 800, 0, '10:31:30'),
(144, 63, 7, 20, 0, '10:31:00'),
(145, 64, 7, 20, 0, '13:31:00'),
(146, 63, 11, 25, 0, '10:38:00'),
(147, 64, 11, 20, 30, '13:35:00'),
(148, 64, 6, 25, 0, '13:31:30'),
(149, 64, 23, 160, 0, '13:31:45'),
(150, 66, 23, 25, NULL, '10:37:00'),
(151, 67, 5, 998, 0, '13:32:00'),
(152, 67, 11, 25, 0, '13:36:00'),
(153, 68, 6, 300, 510, '08:20:30'),
(154, 69, 7, 20, 32, '10:30:00'),
(155, 70, 7, 20, 0, '13:31:00'),
(156, 69, 12, 21, 0, '10:31:59'),
(157, 71, 6, 20, 0, '08:23:20'),
(158, 72, 6, 30, 0, '10:36:30'),
(159, 72, 23, 20, 0, '10:32:05'),
(160, 72, 4, 25, 0, '10:33:00'),
(161, 72, 7, 20, 0, '10:34:00'),
(162, 72, 12, 20, 0, '10:34:00'),
(163, 72, 11, 50, 0, '10:37:00'),
(164, 73, 23, 20, 34, '10:35:30'),
(165, 73, 12, 30, 51, '10:36:00'),
(166, 74, 6, 30, NULL, '15:33:00'),
(167, 74, 12, 150, NULL, '15:32:59'),
(168, 75, 6, 300, 0, '08:20:20'),
(169, 75, 12, 305, 0, '08:20:00'),
(170, 76, 7, 20, 0, '10:31:50'),
(171, 77, 7, 27, 0, '13:31:00'),
(172, 77, 15, 300, 0, '13:32:00'),
(173, 78, 6, 200, NULL, '15:10:00'),
(174, 79, 1, 45, NULL, '17:08:59');
-- --------------------------------------------------------
--
-- Structure de la table parieurtextuelle
--
CREATE TABLE parieurtextuelle (
  id INTEGER NOT NULL,
  refParisText INTEGER DEFAULT NULL,
  refUsers INTEGER DEFAULT NULL,
  choix INTEGER DEFAULT NULL
);
--
-- Déchargement des données de la table parieurtextuelle
--
INSERT INTO parieurtextuelle (id, refParisText, refUsers, choix) VALUES
(12, 4, 1, 1),
(13, 4, 4, 1),
(14, 4, 7, 1),
(21, 6, 1, 0),
(22, 6, 4, 0),
(25, 4, 27, 0),
(26, 5, 27, 0),
(27, 4, 23, 0),
(28, 6, 12, 0),
(29, 6, 9, 0),
(30, 6, 23, 0),
(31, 6, 5, 0),
(32, 4, 15, 0),
(33, 9, 1, 1),
(34, 9, 9, 0),
(35, 4, 9, 0),
(36, 9, 18, 1),
(37, 4, 18, 0),
(38, 4, 6, 1),
(39, 9, 6, 0),
(40, 9, 5, 0),
(41, 9, 23, 1),
(42, 11, 23, 0),
(43, 11, 7, 0),
(44, 11, 18, 1),
(45, 11, 6, 0),
(46, 11, 15, 0),
(47, 4, 5, 0),
(48, 11, 12, 0),
(49, 9, 12, 0),
(50, 14, 1, 1),
(51, 15, 1, 1),
(52, 14, 5, 1),
(53, 11, 5, 1),
(54, 15, 5, 0),
(55, 16, 1, 1),
(56, 16, 4, 1),
(57, 17, 4, 1),
(58, 11, 4, 0),
(59, 15, 4, 0),
(60, 17, 9, 1),
(61, 16, 9, 1),
(62, 16, 12, 0),
(63, 17, 12, 1),
(64, 15, 12, 1),
(65, 17, 5, 1),
(66, 11, 9, 1),
(67, 9, 15, 0),
(68, 18, 15, 0),
(69, 16, 15, 1),
(70, 18, 7, 1),
(71, 16, 23, 0),
(72, 18, 23, 1),
(73, 18, 18, 0),
(74, 16, 18, 1),
(75, 18, 27, 0),
(76, 19, 27, 1),
(77, 16, 27, 1),
(78, 11, 27, 0),
(79, 20, 23, 0),
(80, 19, 23, 1),
(81, 21, 23, 1),
(82, 21, 1, 1),
(83, 20, 1, 1),
(84, 21, 5, 1),
(85, 20, 5, 1),
(86, 18, 5, 0),
(87, 21, 9, 1),
(88, 18, 9, 0),
(89, 21, 6, 1),
(90, 19, 6, 0),
(91, 16, 6, 0),
(92, 16, 5, 0),
(93, 11, 1, 1),
(94, 23, 12, 1),
(95, 22, 12, 1),
(96, 21, 12, 1),
(97, 20, 12, 1),
(98, 18, 12, 0),
(99, 23, 1, 1),
(100, 22, 1, 1),
(101, 19, 1, 0),
(102, 23, 5, 1),
(103, 19, 5, 0),
(104, 19, 18, 0),
(105, 22, 6, 1),
(106, 22, 23, 1),
(107, 22, 5, 1),
(108, 27, 4, 1),
(109, 26, 4, 0),
(110, 27, 23, 0),
(111, 26, 23, 1),
(112, 26, 15, 1),
(113, 27, 15, 0),
(114, 27, 6, 1),
(115, 26, 6, 1),
(116, 26, 8, 1),
(117, 27, 8, 0),
(118, 9, 8, 0),
(119, 27, 7, 1),
(120, 26, 7, 1),
(121, 26, 5, 1),
(122, 27, 5, 0),
(123, 27, 27, 1),
(124, 26, 27, 0),
(125, 28, 6, 1),
(126, 26, 1, 1),
(127, 28, 5, 0),
(128, 35, 5, 1),
(129, 37, 6, 0),
(130, 38, 6, 0),
(131, 45, 5, 1),
(132, 46, 5, 1),
(133, 51, 6, 0),
(134, 54, 4, 1),
(135, 59, 6, 1),
(136, 9, 33, 1),
(137, 27, 33, 1),
(138, 78, 23, 0),
(139, 27, 1, 0),
(140, 84, 7, 1),
(141, 86, 1, 0),
(142, 86, 6, 1),
(143, 88, 5, 1),
(144, 85, 1, 0),
(145, 85, 5, 0),
(146, 9, 4, 0),
(147, 95, 1, 0),
(148, 95, 6, 1),
(149, 96, 6, 1),
(150, 98, 5, 0),
(151, 96, 5, 0),
(152, 98, 7, 1),
(153, 96, 7, 1),
(154, 95, 7, 1),
(155, 98, 23, 1),
(156, 96, 23, 1),
(157, 95, 23, 1),
(158, 95, 4, 1),
(159, 96, 1, 1),
(160, 98, 1, 1),
(161, 95, 5, 1),
(162, 100, 6, 0),
(163, 100, 5, 1),
(164, 100, 1, 0),
(165, 96, 4, 1),
(166, 98, 27, 1),
(167, 98, 6, 1),
(168, 106, 1, 1),
(169, 107, 1, 0),
(170, 111, 12, 1),
(171, 111, 6, 1),
(172, 112, 18, 0),
(173, 111, 18, 1),
(174, 112, 6, 0),
(175, 112, 7, 1),
(176, 113, 7, 1),
(177, 113, 27, 0),
(178, 112, 27, 0),
(179, 111, 27, 1),
(181, 113, 4, 0),
(182, 111, 7, 1),
(183, 112, 12, 0),
(184, 113, 12, 0),
(185, 115, 7, 1),
(186, 116, 18, 1),
(187, 113, 18, 0),
(188, 115, 23, 0),
(189, 116, 23, 0),
(190, 112, 23, 0),
(191, 111, 23, 0),
(192, 116, 5, 0),
(193, 115, 5, 0),
(194, 112, 5, 0),
(195, 111, 5, 1),
(196, 116, 6, 0),
(197, 115, 6, 1),
(198, 116, 15, 0),
(199, 115, 15, 0),
(200, 116, 7, 1),
(201, 114, 7, 0),
(202, 114, 23, 1),
(203, 116, 4, 0),
(204, 115, 4, 0),
(205, 114, 4, 1),
(206, 112, 4, 0),
(207, 111, 4, 0),
(208, 114, 12, 1),
(209, 115, 12, 1),
(210, 118, 23, 0),
(211, 117, 23, 0),
(212, 117, 6, 0),
(213, 118, 6, 0),
(214, 118, 27, 0),
(215, 117, 27, 0),
(216, 115, 27, 1),
(217, 119, 4, 1),
(218, 119, 7, 1),
(219, 118, 7, 1),
(220, 117, 7, 1),
(221, 119, 23, 0),
(222, 119, 6, 0),
(223, 119, 1, 0),
(224, 118, 1, 1),
(225, 117, 1, 0),
(226, 115, 1, 1),
(227, 111, 1, 1),
(228, 119, 12, 0),
(229, 118, 12, 0),
(230, 117, 12, 0),
(231, 120, 1, 1),
(232, 120, 23, 0),
(233, 120, 7, 1),
(234, 120, 4, 0),
(235, 118, 4, 1),
(236, 117, 4, 0);
-- --------------------------------------------------------
--
-- Structure de la table paris
--
CREATE TABLE paris (
  id INTEGER NOT NULL,
  prof_id INTEGER DEFAULT NULL,
  course_hour time DEFAULT NULL,
  arrival_hour time DEFAULT NULL
);
--
-- Déchargement des données de la table paris
--
INSERT INTO paris (id, prof_id, course_hour, arrival_hour) VALUES
(79, 2, '17:09:00', NULL),
(78, 3, '15:20:36', NULL);
-- --------------------------------------------------------
--
-- Structure de la table pariscombine
--
CREATE TABLE pariscombine (
  id INTEGER NOT NULL,
  refCombine INTEGER DEFAULT NULL,
  refParis INTEGER DEFAULT NULL,
  heureParie time DEFAULT NULL
) ;
--
-- Déchargement des données de la table pariscombine
--
INSERT INTO pariscombine (id, refCombine, refParis, heureParie) VALUES
(1, 21, 55, '15:34:00'),
(2, 22, 70, '15:33:01'),
(3, 22, 69, '13:33:01'),
(4, 22, 68, '10:31:01'),
(5, 23, 77, '13:35:00'),
(6, 23, 76, '10:36:00'),
(7, 23, 75, '08:23:00'),
(8, 24, 78, '15:35:13'),
(9, 24, 77, '13:38:44'),
(10, 24, 76, '10:34:30'),
(11, 25, 78, '15:33:31'),
(12, 25, 77, '13:35:21'),
(13, 25, 76, '10:33:31'),
(14, 26, 90, '10:33:31'),
(15, 26, 89, '10:33:31'),
(16, 28, 92, '00:00:00'),
(17, 1, 92, '00:00:00'),
(18, 31, 92, '11:30:00'),
(19, 32, 92, '10:10:10'),
(24, 36, 97, '15:30:00'),
(25, 36, 96, '13:35:32'),
(26, 36, 95, '10:36:00'),
(27, 36, 94, '08:22:00'),
(28, 37, 1, '00:00:00'),
(29, 38, 4, '00:00:00'),
(30, 39, 5, '15:15:15'),
(31, 40, 12, '13:40:00'),
(32, 41, 25, '13:35:00'),
(33, 42, 26, '15:33:00'),
(34, 43, 29, '10:34:00'),
(35, 44, 32, '13:34:00'),
(36, 44, 31, '10:37:00'),
(37, 44, 30, '08:22:00'),
(38, 45, 32, '13:35:00'),
(39, 45, 31, '10:37:00'),
(40, 45, 30, '08:22:00'),
(41, 47, 37, '13:30:00'),
(42, 47, 35, '09:27:00'),
(43, 48, 39, '13:34:31'),
(44, 48, 38, '10:33:30'),
(45, 49, 39, '13:38:00');
-- --------------------------------------------------------
--
-- Structure de la table paristextuelle
--
CREATE TABLE paristextuelle (
  id INTEGER NOT NULL,
  texte varchar(244) DEFAULT NULL,
  estValide INTEGER DEFAULT NULL,
  idCreateur INTEGER DEFAULT NULL,
  cloture INTEGER DEFAULT NULL
);
-- --------------------------------------------------------
--
-- Structure de la table profs
--
CREATE TABLE profs (
  id INTEGER NOT NULL,
  first_name VARCHAR(255) NOT NULL,
  last_name VARCHAR(255) NOT NULL,
  multiplicateur DOUBLE PRECISION NOT NULL
);
--
-- Déchargement des données de la table profs
--
INSERT INTO profs (id, first_name, last_name, multiplicateur) VALUES
(1, 'BuBu', 'C', 1.5),
(2, 'Robot', 'Emacs', 1.7),
(3, 'Tata', 'Java', 1.6),
(4, 'Tiers', 'Temps', 1.8),
(5, 'Best of', 'Cisco', 1.7),
(6, 'L''insupportable', 'Francais', 5),
(7, 'DoDo', 'CasseTout', 0),
(8, 'Comumu', ' 2e', 1.5),
(9, 'Coco', 'Nomie', 1.5),
(10, 'Edna', 'Mode', 1.5),
(11, 'In English ', 'Please', 1.6);
-- --------------------------------------------------------
--
-- Structure de la table transfert
--
CREATE TABLE transfert (
  id INTEGER NOT NULL,
  user_donneur INTEGER DEFAULT NULL,
  user_receveur INTEGER DEFAULT NULL,
  montant BIGINT DEFAULT NULL
);
-- --------------------------------------------------------
--
-- Structure de la table users
--
CREATE TABLE users (
  id INTEGER NOT NULL,
  username varchar(255) NOT NULL,
  password varchar(255) NOT NULL,
  ecu INTEGER NOT NULL,
  derniere_connexion date DEFAULT NULL,
  dernierParis date DEFAULT NULL,
  api varchar(255) DEFAULT NULL
);
--
-- Déchargement des données de la table users
--
INSERT INTO users (id, username, password, ecu, derniere_connexion, dernierParis, api) VALUES
(1, 'romgui', '$2y$10$aEpU14lkDKM5NxE2ohTlbujzR1Fk9yH8oKLHTr8yLKbGFp24X/1PG', 98650, '2025-03-22', '2024-11-27', '1c60fe76-2c8d-463e-9875-7d8d14e3d3ac'),
(5, 'Emilien54i', '$2y$10$0erYXVjr5CUk1sBEbfKENOToK2xfv3Tn7ImfxgGg/CiFwATMXuVb6', 300, '2024-04-05', '2024-03-01', 'e83031a2-97d0-4cf7-9a57-b3db28f429d2'),
(12, 'RobiniteurFou', '$2y$10$H31r2ZzPCIC7y/YsJ49pbu3CaPtV7ZY0JmtruSOxgn7RpknkeZ88u', 200, '2024-04-12', '2024-03-25', 'f79506bc-a5a2-4d43-b71f-d220ee9d11e3'),
(4, 'Solth', '$2y$10$P/ksOSHo7HfQ7jkm6Grl8uNO4Oe40e3xFu3ikfkrTM2GGclpDy3jK', 300, '2024-11-27', '2024-03-12', 'e230bf66-c112-4840-8e55-a629afd2a726'),
(6, '6d0', '$2y$10$cheHklwc.CKH0s8lAS10FOnfte9PGRrXx3izZ9dmpkNGObYLQDauO', 135, '2024-11-25', '2024-10-11', '12b43a2e-129b-460d-b13d-681fad5aa570'),
(7, 'Matetris', '$2y$10$58.x2K6oOpn.cyGUtUH31eIv/m9bCYTnyKiQ/.C2XR.SEztlPjgNy', 350, '2024-04-17', '2024-03-25', '1a54e067-c583-4f23-996b-f48a075f63d1'),
(11, 'Tryb', '$2y$10$XTND8MCw.uFD4ZtzKVpcl.kWWrj8DSyuJ96wFF2vm//ek1qkn2/1S', 250, '2024-04-04', '2024-03-12', 'ba669536-1131-4e33-a817-5aa4ca38784b'),
(15, 'BrianBrandon', '$2y$10$wEblQwYzDMfixZYvaxy4dOsbRjoObtpwz6fVgHcHqwnlRob5L2/Zy', 0, '2024-03-25', '2024-03-25', '2b73334d-2d52-4cf9-915c-fec815835290'),
(18, 'po', '$2y$10$6Wk0vWP6W87XfQTBrLnxPeneVz4pHmvSbH9Irb.XHEZC26I6e5Gdi', 300, '2024-04-05', '2024-02-08', 'ce370532-69c7-4448-bd0c-1f31dfb67dc6'),
(27, 'Juju', '$2y$10$..KdJ.UDA95sCq5aMvbub./cDC2e.ZttlnTi82ZYk6awkjB46Hnvq', 300, '2024-11-07', '2024-02-13', 'd603aee1-9dc3-4378-bc4d-b0f333bc294e'),
(41, 'usertest', '$2y$10$A/BIZiGK8.7.JNkaLaWN5eeZ0UcXEdS/N/reW18jbTKgN5w6LAYlK', 0, '2024-02-10', NULL, 'azertyuiop'),
(43, 'fanoux', '$2y$10$TNTOiN0mucUTR271RtMqueJRI.vbjwblhGlvZj/rJgYYUZWam5CNW', 300, '2024-03-19', '2023-12-14', 'azertyuiiopqsdqsdkjqlsdf023');
--
-- Index pour les tables déchargées
--
--
-- Index pour les tables
ALTER TABLE combine
  ADD PRIMARY KEY (id);

ALTER TABLE historique
  ADD PRIMARY KEY (id);

ALTER TABLE parieurs
  ADD PRIMARY KEY (id);

ALTER TABLE parieurtextuelle
  ADD PRIMARY KEY (id);

ALTER TABLE paris
  ADD PRIMARY KEY (id);

ALTER TABLE pariscombine
  ADD PRIMARY KEY (id);

ALTER TABLE paristextuelle
  ADD PRIMARY KEY (id);

ALTER TABLE profs
  ADD PRIMARY KEY (id);

ALTER TABLE transfert
  ADD PRIMARY KEY (id);

ALTER TABLE users
  ADD PRIMARY KEY (id),
  ADD UNIQUE (username);  -- ou autre colonne unique que tu veux

-- AUTO_INCREMENT (version PostgreSQL)
-- PostgreSQL utilise SERIAL ou IDENTITY, pas AUTO_INCREMENT

-- Si les colonnes id n’existent pas encore :
--   id SERIAL PRIMARY KEY dans le CREATE TABLE

-- Si les colonnes id existent déjà, voici comment les convertir :
-- Note : on ne peut pas avoir à la fois SERIAL et PRIMARY KEY si déjà défini, donc on utilise une SEQUENCE.

-- Exemple d'ajout auto-incrément :
-- On suppose que l'id existe déjà, on le rend auto-incrémenté via une séquence :

-- AUTO_INCREMENT pour combine
CREATE SEQUENCE combine_id_seq START 52;
ALTER TABLE combine ALTER COLUMN id SET DEFAULT nextval('combine_id_seq');

-- AUTO_INCREMENT pour historique
CREATE SEQUENCE historique_id_seq START 1027;
ALTER TABLE historique ALTER COLUMN id SET DEFAULT nextval('historique_id_seq');

-- AUTO_INCREMENT pour parieurs
CREATE SEQUENCE parieurs_id_seq START 175;
ALTER TABLE parieurs ALTER COLUMN id SET DEFAULT nextval('parieurs_id_seq');

-- AUTO_INCREMENT pour parieurtextuelle
CREATE SEQUENCE parieurtextuelle_id_seq START 237;
ALTER TABLE parieurtextuelle ALTER COLUMN id SET DEFAULT nextval('parieurtextuelle_id_seq');

-- AUTO_INCREMENT pour paris
CREATE SEQUENCE paris_id_seq START 80;
ALTER TABLE paris ALTER COLUMN id SET DEFAULT nextval('paris_id_seq');

-- AUTO_INCREMENT pour pariscombine
CREATE SEQUENCE pariscombine_id_seq START 46;
ALTER TABLE pariscombine ALTER COLUMN id SET DEFAULT nextval('pariscombine_id_seq');

-- AUTO_INCREMENT pour paristextuelle
CREATE SEQUENCE paristextuelle_id_seq START 129;
ALTER TABLE paristextuelle ALTER COLUMN id SET DEFAULT nextval('paristextuelle_id_seq');

-- AUTO_INCREMENT pour profs
CREATE SEQUENCE profs_id_seq START 12;
ALTER TABLE profs ALTER COLUMN id SET DEFAULT nextval('profs_id_seq');

-- AUTO_INCREMENT pour transfert
CREATE SEQUENCE transfert_id_seq START 1;
ALTER TABLE transfert ALTER COLUMN id SET DEFAULT nextval('transfert_id_seq');

-- AUTO_INCREMENT pour users
CREATE SEQUENCE users_id_seq START 44;
ALTER TABLE users ALTER COLUMN id SET DEFAULT nextval('users_id_seq');

COMMIT;
